-- phpMyAdmin SQL Dump
-- version 4.8.5
-- https://www.phpmyadmin.net/
--
-- Хост: localhost
-- Время создания: Ноя 26 2025 г., 07:11
-- Версия сервера: 5.7.25
-- Версия PHP: 7.1.26

SET SQL_MODE = "NO_AUTO_VALUE_ON_ZERO";
SET AUTOCOMMIT = 0;
START TRANSACTION;
SET time_zone = "+00:00";


/*!40101 SET @OLD_CHARACTER_SET_CLIENT=@@CHARACTER_SET_CLIENT */;
/*!40101 SET @OLD_CHARACTER_SET_RESULTS=@@CHARACTER_SET_RESULTS */;
/*!40101 SET @OLD_COLLATION_CONNECTION=@@COLLATION_CONNECTION */;
/*!40101 SET NAMES utf8mb4 */;

--
-- База данных: `aptekaeu`
--

-- --------------------------------------------------------

--
-- Структура таблицы `categories`
--

CREATE TABLE `categories` (
  `id` int(11) NOT NULL COMMENT 'ID категории',
  `name` varchar(50) NOT NULL COMMENT 'Наименование'
) ENGINE=InnoDB DEFAULT CHARSET=utf8 COMMENT='Категории товаров';

--
-- Дамп данных таблицы `categories`
--

INSERT INTO `categories` (`id`, `name`) VALUES
(1, 'Рецептурные препараты'),
(2, 'Безрецептурные препараты'),
(3, 'Витамины и БАДы'),
(4, 'Медицинские изделия'),
(5, 'Гигиена и уход'),
(6, 'Детские товары'),
(7, 'Оптика и линзы'),
(8, 'Лечебная косметика');

-- --------------------------------------------------------

--
-- Структура таблицы `inventory`
--

CREATE TABLE `inventory` (
  `inventory_date` date NOT NULL COMMENT 'Дата инвентаризации',
  `product_id` int(11) NOT NULL COMMENT 'ID товара',
  `actual_quantity` int(11) NOT NULL COMMENT 'Фактическое кол-во',
  `system_quantity` int(11) NOT NULL COMMENT 'Общее кол-во',
  `difference` int(11) NOT NULL COMMENT 'Разница количество'
) ENGINE=InnoDB DEFAULT CHARSET=utf8 COMMENT='Инвентаризация';

-- --------------------------------------------------------

--
-- Структура таблицы `products`
--

CREATE TABLE `products` (
  `id` int(11) NOT NULL COMMENT 'ID товара',
  `name` varchar(200) NOT NULL COMMENT 'Наименование',
  `category_id` int(11) NOT NULL COMMENT 'ID категории',
  `purchase_price` decimal(10,2) NOT NULL COMMENT 'Цена закупки',
  `sale_price` decimal(10,2) NOT NULL COMMENT 'Цена продажи',
  `actual_quantity` int(11) NOT NULL COMMENT 'Актуальное количество'
) ENGINE=InnoDB DEFAULT CHARSET=utf8 COMMENT='Товары';

--
-- Дамп данных таблицы `products`
--

INSERT INTO `products` (`id`, `name`, `category_id`, `purchase_price`, `sale_price`, `actual_quantity`) VALUES
(1, 'Парацетамол 500мг таб. №20', 2, '45.00', '80.50', 150),
(2, 'Нурофен 200мг таб. №10', 2, '95.00', '165.00', 89),
(3, 'Амоксиклав 625мг таб. №14', 1, '320.00', '550.00', 45),
(4, 'Компливит таб. №60', 3, '180.00', '299.00', 67),
(5, 'Бинт стерильный 7м х 14см', 4, '25.50', '48.90', 234),
(6, 'Мыло жидкое антибактериальное', 5, '65.00', '120.00', 56),
(7, 'Називин капли 0.05% 10мл', 2, '89.00', '149.00', 112),
(8, 'Эналаприл 5мг таб. №20', 1, '55.00', '99.00', 223),
(9, 'Супрадин кидс мишки №30', 3, '340.00', '520.00', 34),
(10, 'Глюкометр Акку-Чек', 4, '1250.00', '2199.00', 12),
(11, 'Ватные палочки 100шт', 5, '32.00', '65.00', 178),
(12, 'Кагоцел таб. №10', 2, '210.00', '359.00', 76),
(13, 'Лозап 50мг таб. №30', 1, '280.00', '480.00', 73),
(14, 'Магне B6 форте таб. №30', 3, '420.00', '689.00', 41),
(15, 'Термометр электронный', 4, '190.00', '350.00', 23),
(16, 'Зубная паста Лесной бальзам', 5, '78.00', '145.00', 91),
(17, 'Смекта пак. №10', 2, '115.00', '199.00', 124),
(18, 'Фенибут 250мг таб. №20', 1, '410.00', '650.00', 32),
(19, 'Аевит капс. №20', 3, '65.00', '110.00', 156),
(20, 'Тонометр механический', 4, '890.00', '1590.00', 8),
(21, 'Влажные салфетки антисепт. 15шт', 5, '42.00', '85.00', 267),
(22, 'Гексорал аэрозоль 40мл', 2, '235.00', '399.00', 63),
(23, 'Нурофен для детей сусп. 100мл', 6, '320.00', '520.00', 42),
(24, 'Аквалор беби спрей 150мл', 6, '280.00', '450.00', 67),
(25, 'Панадол детский сироп 100мл', 6, '190.00', '320.00', 54),
(26, 'Виферон свечи 150тыс. №10', 6, '380.00', '620.00', 38),
(27, 'Тантум Верде спрей для детей', 6, '270.00', '430.00', 45),
(28, 'Детский термометр инфракрасный', 6, '1250.00', '1990.00', 12),
(29, 'Смекта для детей пак. №10', 6, '290.00', '480.00', 36),
(30, 'Називин детский капли 0.01%', 6, '150.00', '250.00', 78),
(31, 'Контактные линзы Acuvue 30шт', 7, '890.00', '1450.00', 24),
(32, 'Раствор для линз Maxima 360мл', 7, '220.00', '380.00', 56),
(33, 'Очки для чтения +1.5', 7, '450.00', '750.00', 18),
(34, 'Линзы Air Optix 6шт', 7, '680.00', '1100.00', 32),
(35, 'Капли для глаз Визин 15мл', 7, '180.00', '290.00', 89),
(36, 'Футляр для очков кожаный', 7, '85.00', '150.00', 42),
(37, 'Салфетки для очков 50шт', 7, '65.00', '120.00', 95),
(38, 'Очки солнцезащитные Polaroid', 7, '1200.00', '1990.00', 14),
(39, 'Крем Ля Рош Позе 40мл', 8, '890.00', '1450.00', 28),
(40, 'Эмульсия для тела Эмолиум', 8, '680.00', '1100.00', 35),
(41, 'Гель для умывания Сетафил', 8, '420.00', '690.00', 47),
(42, 'Крем от рубцов Контрактубекс', 8, '780.00', '1250.00', 22),
(43, 'Шампунь против перхоти Низорал', 8, '520.00', '850.00', 38),
(44, 'Дерматологический крем Цикапласт', 8, '650.00', '1050.00', 31),
(45, 'Солнцезащитный крем 50SPF', 8, '480.00', '790.00', 43),
(46, 'Гигиеническая помада Авен', 8, '220.00', '380.00', 67),
(47, 'Тонизирующий гель для ног', 8, '320.00', '520.00', 39),
(48, 'Крем для рук с мочевиной', 8, '180.00', '290.00', 72);

-- --------------------------------------------------------

--
-- Структура таблицы `sales`
--

CREATE TABLE `sales` (
  `id` int(11) NOT NULL COMMENT 'ID продажи',
  `product_id` int(11) NOT NULL COMMENT 'ID товара',
  `sale_date` datetime NOT NULL COMMENT 'Дата и время продажи',
  `quantity` int(11) NOT NULL COMMENT 'Кол-во проданного товара',
  `total_amount` decimal(10,2) NOT NULL COMMENT 'Сумма продажи'
) ENGINE=InnoDB DEFAULT CHARSET=utf8 COMMENT='Продажи';

-- --------------------------------------------------------

--
-- Структура таблицы `suppliers`
--

CREATE TABLE `suppliers` (
  `tin` varchar(12) NOT NULL COMMENT 'ИНН поставщика',
  `name` varchar(100) NOT NULL COMMENT 'Наименование',
  `contact_person` varchar(100) NOT NULL COMMENT 'ФИО контактного лица',
  `phone` varchar(20) NOT NULL COMMENT 'Контактный телефон',
  `address` varchar(200) NOT NULL COMMENT 'Юридический адрес'
) ENGINE=InnoDB DEFAULT CHARSET=utf8 COMMENT='Поставщики';

--
-- Дамп данных таблицы `suppliers`
--

INSERT INTO `suppliers` (`tin`, `name`, `contact_person`, `phone`, `address`) VALUES
('1001', 'ООО \"Ромашка\"', 'Иванов Петр Сергеевич', '+7-495-123-45-67', 'г. Москва, ул. Ленина, д. 15, офис 25'),
('1002', 'ЗАО \"Технопром\"', 'Сидорова Анна Владимировна', '+7-812-234-56-78', 'г. Санкт-Петербург, Невский пр-т, д. 45'),
('1003', 'ИП Козлов Д.А.', 'Козлов Дмитрий Александрович', '+7-383-345-67-89', 'г. Новосибирск, ул. Кирова, д. 12, кв. 34'),
('1004', 'ООО \"СтройГарант\"', 'Петрова Мария Игоревна', '+7-843-456-78-90', 'г. Казань, пр-т Победы, д. 78'),
('1005', 'АО \"Электросила\"', 'Васильев Андрей Николаевич', '+7-351-567-89-01', 'г. Челябинск, ул. Свободы, д. 23'),
('1006', 'ИП Васильева М.В.', 'Васильева Мария Викторовна', '+7-3812-678-90-12', 'г. Омск, ул. Мира, д. 56'),
('1007', 'ООО \"ТоргСервис\"', 'Николаев Сергей Петрович', '+7-863-789-01-23', 'г. Ростов-на-Дону, ул. Садовая, д. 89'),
('1008', 'ЗАО \"МеталлПрофи\"', 'Кузнецов Алексей Дмитриевич', '+7-4852-890-12-34', 'г. Ярославль, ул. Чкалова, д. 34'),
('1009', 'ООО \"АгроПром\"', 'Федорова Ольга Сергеевна', '+7-4722-901-23-45', 'г. Белгород, ул. Гагарина, д. 67'),
('1010', 'ИП Волков П.С.', 'Волков Павел Станиславович', '+7-391-012-34-56', 'г. Красноярск, ул. Карла Маркса, д. 90'),
('1011', 'ООО \"ТрансЛогистик\"', 'Алексеева Ирина Васильевна', '+7-343-123-45-67', 'г. Екатеринбург, ул. Малышева, д. 123'),
('1012', 'АО \"НефтеХим\"', 'Борисов Виктор Иванович', '+7-846-234-56-78', 'г. Самара, ул. Московская, д. 45'),
('1013', 'ООО \"МедТехника\"', 'Григорьева Татьяна Алексеевна', '+7-861-345-67-89', 'г. Краснодар, ул. Красная, д. 78'),
('1014', 'ИП Морозов А.К.', 'Морозов Артем Константинович', '+7-383-456-78-90', 'г. Новосибирск, ул. Дуси Ковальчук, д. 156'),
('1015', 'ООО \"СтройИнвест\"', 'Тихонова Надежда Павловна', '+7-815-567-89-01', 'г. Мурманск, ул. Ленинградская, д. 23');

-- --------------------------------------------------------

--
-- Структура таблицы `supplies`
--

CREATE TABLE `supplies` (
  `serial_number` varchar(100) NOT NULL COMMENT 'Серийный номер',
  `supplier_tin` varchar(12) NOT NULL COMMENT 'ИНН поставщика',
  `delivery_date` date NOT NULL COMMENT 'Дата поставки'
) ENGINE=InnoDB DEFAULT CHARSET=utf8 COMMENT='Поставки';

--
-- Дамп данных таблицы `supplies`
--

INSERT INTO `supplies` (`serial_number`, `supplier_tin`, `delivery_date`) VALUES
('SUP-2024-001', '1001', '2024-01-10'),
('SUP-2024-002', '1002', '2024-01-12'),
('SUP-2024-003', '1003', '2024-01-15'),
('SUP-2024-004', '1004', '2024-01-18'),
('SUP-2024-005', '1005', '2024-01-20'),
('SUP-2024-006', '1006', '2024-01-22'),
('SUP-2024-007', '1007', '2024-01-25'),
('SUP-2024-008', '1008', '2024-01-28'),
('SUP-2024-009', '1009', '2024-02-01'),
('SUP-2024-010', '1010', '2024-02-05'),
('SUP-2024-011', '1011', '2024-02-08'),
('SUP-2024-012', '1012', '2024-02-12'),
('SUP-2024-013', '1013', '2024-02-15'),
('SUP-2024-014', '1014', '2024-02-18'),
('SUP-2024-015', '1015', '2024-02-20'),
('SUP-2024-016', '1001', '2024-02-22'),
('SUP-2024-017', '1002', '2024-02-25'),
('SUP-2024-018', '1003', '2024-02-28'),
('SUP-2024-019', '1004', '2024-03-01'),
('SUP-2024-020', '1005', '2024-03-05'),
('SUP-2024-021', '1006', '2024-03-08'),
('SUP-2024-022', '1007', '2024-03-12'),
('SUP-2024-023', '1008', '2024-03-15'),
('SUP-2024-024', '1009', '2024-03-18'),
('SUP-2024-025', '1010', '2024-03-20'),
('SUP-2025-001', '1001', '2025-11-24'),
('TESTSUP-001', '1010', '2025-11-26');

-- --------------------------------------------------------

--
-- Структура таблицы `supply_items`
--

CREATE TABLE `supply_items` (
  `product_id` int(11) NOT NULL COMMENT 'ID продукта',
  `supply_serial_number` varchar(100) NOT NULL COMMENT 'Серийный номер поставки',
  `quantity` int(11) NOT NULL COMMENT 'Количество',
  `unit_price` decimal(10,2) NOT NULL COMMENT 'Стоимость товара',
  `production_date` date NOT NULL COMMENT 'Дата производства',
  `expiry_date` date NOT NULL COMMENT 'Срок годности'
) ENGINE=InnoDB DEFAULT CHARSET=utf8;

--
-- Дамп данных таблицы `supply_items`
--

INSERT INTO `supply_items` (`product_id`, `supply_serial_number`, `quantity`, `unit_price`, `production_date`, `expiry_date`) VALUES
(1, 'SUP-2024-001', 50, '45.00', '2024-01-15', '2026-01-15'),
(1, 'SUP-2024-007', 40, '45.00', '2024-03-12', '2026-03-12'),
(1, 'SUP-2024-012', 35, '45.00', '2024-03-01', '2026-03-01'),
(2, 'SUP-2024-001', 30, '95.00', '2024-02-10', '2025-08-10'),
(2, 'SUP-2024-007', 35, '95.00', '2024-02-18', '2025-08-18'),
(2, 'SUP-2024-013', 28, '95.00', '2024-01-18', '2025-07-18'),
(3, 'SUP-2024-001', 25, '320.00', '2024-01-10', '2025-07-10'),
(3, 'SUP-2024-013', 18, '320.00', '2024-02-20', '2025-08-20'),
(4, 'SUP-2024-001', 25, '180.00', '2024-01-20', '2025-07-20'),
(4, 'SUP-2024-008', 20, '180.00', '2024-01-14', '2025-07-14'),
(4, 'SUP-2024-013', 22, '180.00', '2024-03-08', '2025-09-08'),
(5, 'SUP-2024-002', 100, '25.50', '2024-03-05', '2026-03-05'),
(5, 'SUP-2024-008', 80, '25.50', '2024-03-20', '2026-03-20'),
(5, 'SUP-2024-014', 75, '25.50', '2024-01-30', '2026-01-30'),
(6, 'SUP-2024-002', 20, '65.00', '2024-02-15', '2025-08-15'),
(6, 'SUP-2024-008', 25, '65.00', '2024-02-22', '2025-08-22'),
(6, 'SUP-2024-014', 30, '65.00', '2024-02-25', '2025-08-25'),
(7, 'SUP-2024-002', 40, '89.00', '2024-01-25', '2025-07-25'),
(7, 'SUP-2024-014', 25, '89.00', '2024-03-12', '2025-09-12'),
(8, 'SUP-2024-003', 80, '55.00', '2024-03-01', '2026-03-01'),
(8, 'SUP-2024-015', 15, '55.00', '2024-01-22', '2026-01-22'),
(8, 'SUP-2025-001', 20, '150.00', '2025-11-20', '2026-11-20'),
(9, 'SUP-2024-003', 15, '340.00', '2024-02-20', '2025-11-20'),
(9, 'SUP-2024-015', 20, '340.00', '2024-02-28', '2025-08-28'),
(10, 'SUP-2024-015', 8, '1250.00', '2024-03-05', '2026-03-05'),
(11, 'SUP-2024-003', 60, '32.00', '2024-01-30', '2026-01-30'),
(11, 'SUP-2024-016', 40, '32.00', '2024-01-15', '2026-01-15'),
(12, 'SUP-2024-004', 25, '210.00', '2024-02-25', '2025-08-25'),
(12, 'SUP-2024-016', 18, '210.00', '2024-02-20', '2025-08-20'),
(13, 'SUP-2024-004', 20, '280.00', '2024-03-10', '2026-03-10'),
(13, 'SUP-2024-016', 15, '280.00', '2024-03-10', '2026-03-10'),
(13, 'TESTSUP-001', 15, '150.00', '2025-11-26', '2026-11-26'),
(14, 'SUP-2024-004', 15, '420.00', '2024-02-28', '2025-11-28'),
(14, 'SUP-2024-017', 12, '420.00', '2024-01-25', '2025-07-25'),
(15, 'SUP-2024-005', 10, '190.00', '2024-01-18', '2026-01-18'),
(15, 'SUP-2024-017', 8, '190.00', '2024-02-22', '2026-02-22'),
(16, 'SUP-2024-005', 30, '78.00', '2024-03-08', '2025-09-08'),
(16, 'SUP-2024-017', 25, '78.00', '2024-03-08', '2025-09-08'),
(17, 'SUP-2024-005', 45, '115.00', '2024-02-12', '2025-08-12'),
(17, 'SUP-2024-018', 35, '115.00', '2024-01-18', '2025-07-18'),
(18, 'SUP-2024-006', 12, '410.00', '2024-01-22', '2025-10-22'),
(18, 'SUP-2024-018', 10, '410.00', '2024-02-28', '2025-08-28'),
(19, 'SUP-2024-006', 50, '65.00', '2024-03-15', '2026-03-15'),
(19, 'SUP-2024-018', 30, '65.00', '2024-03-15', '2026-03-15'),
(20, 'SUP-2024-006', 5, '890.00', '2024-02-05', '2027-02-05'),
(20, 'SUP-2024-019', 4, '890.00', '2024-01-30', '2027-01-30'),
(21, 'SUP-2024-019', 50, '42.00', '2024-02-25', '2025-08-25'),
(22, 'SUP-2024-007', 25, '235.00', '2024-01-28', '2025-07-28'),
(22, 'SUP-2024-019', 20, '235.00', '2024-03-12', '2025-09-12'),
(23, 'SUP-2024-001', 40, '85.00', '2024-02-01', '2025-08-01'),
(23, 'SUP-2024-020', 25, '85.00', '2024-01-22', '2025-07-22'),
(24, 'SUP-2024-002', 15, '280.00', '2024-01-20', '2025-07-20'),
(24, 'SUP-2024-020', 12, '280.00', '2024-02-20', '2025-08-20'),
(25, 'SUP-2024-002', 10, '890.00', '2024-03-01', '2026-03-01'),
(25, 'SUP-2024-020', 8, '890.00', '2024-03-05', '2026-03-05'),
(26, 'SUP-2024-003', 8, '980.00', '2024-01-15', '2026-01-15'),
(26, 'SUP-2024-021', 5, '980.00', '2024-01-15', '2026-01-15'),
(27, 'SUP-2024-003', 35, '420.00', '2024-02-10', '2025-08-10'),
(27, 'SUP-2024-021', 20, '420.00', '2024-02-28', '2025-08-28'),
(28, 'SUP-2024-004', 60, '45.00', '2024-01-25', '2025-07-25'),
(28, 'SUP-2024-021', 40, '45.00', '2024-03-10', '2025-09-10'),
(29, 'SUP-2024-004', 18, '520.00', '2024-02-28', '2025-11-28'),
(29, 'SUP-2024-022', 15, '520.00', '2024-01-25', '2025-07-25'),
(30, 'SUP-2024-005', 12, '1250.00', '2024-03-05', '2026-03-05'),
(30, 'SUP-2024-022', 10, '1250.00', '2024-02-22', '2026-02-22'),
(31, 'SUP-2024-005', 6, '890.00', '2024-01-18', '2026-01-18'),
(31, 'SUP-2024-022', 8, '890.00', '2024-03-08', '2026-03-08'),
(32, 'SUP-2024-006', 45, '220.00', '2024-02-15', '2025-08-15'),
(32, 'SUP-2024-023', 35, '220.00', '2024-01-18', '2025-07-18'),
(33, 'SUP-2024-006', 25, '320.00', '2024-01-30', '2025-07-30'),
(33, 'SUP-2024-023', 18, '320.00', '2024-02-20', '2025-08-20'),
(34, 'SUP-2024-007', 20, '680.00', '2024-03-08', '2026-03-08'),
(34, 'SUP-2024-023', 12, '680.00', '2024-03-12', '2026-03-12'),
(35, 'SUP-2024-007', 50, '180.00', '2024-02-20', '2025-08-20'),
(35, 'SUP-2024-024', 45, '180.00', '2024-01-30', '2025-07-30'),
(36, 'SUP-2024-008', 30, '85.00', '2024-01-22', '2026-01-22'),
(36, 'SUP-2024-024', 25, '85.00', '2024-02-25', '2026-02-25'),
(37, 'SUP-2024-008', 80, '65.00', '2024-02-25', '2025-08-25'),
(37, 'SUP-2024-024', 60, '65.00', '2024-03-05', '2025-09-05'),
(38, 'SUP-2024-009', 10, '1200.00', '2024-01-28', '2026-01-28'),
(38, 'SUP-2024-025', 8, '1200.00', '2024-01-22', '2026-01-22'),
(39, 'SUP-2024-009', 15, '890.00', '2024-03-12', '2025-09-12'),
(39, 'SUP-2024-025', 18, '890.00', '2024-02-28', '2025-08-28'),
(40, 'SUP-2024-009', 25, '680.00', '2024-02-18', '2025-08-18'),
(40, 'SUP-2024-025', 22, '680.00', '2024-03-15', '2025-09-15'),
(41, 'SUP-2024-010', 40, '420.00', '2024-01-15', '2026-01-15'),
(41, 'SUP-2025-001', 15, '420.00', '2025-11-10', '2026-11-10'),
(42, 'SUP-2024-010', 12, '780.00', '2024-02-22', '2025-08-22'),
(42, 'SUP-2025-001', 10, '780.00', '2025-11-05', '2026-11-05'),
(43, 'SUP-2024-010', 30, '520.00', '2024-03-05', '2025-09-05'),
(43, 'SUP-2025-001', 25, '520.00', '2025-11-15', '2026-11-15'),
(44, 'SUP-2024-011', 20, '650.00', '2024-01-20', '2026-01-20'),
(45, 'SUP-2024-011', 35, '480.00', '2024-02-28', '2025-08-28'),
(46, 'SUP-2024-011', 60, '220.00', '2024-03-10', '2025-09-10'),
(47, 'SUP-2024-012', 25, '320.00', '2024-01-25', '2026-01-25'),
(48, 'SUP-2024-012', 45, '180.00', '2024-02-15', '2025-08-15');

--
-- Индексы сохранённых таблиц
--

--
-- Индексы таблицы `categories`
--
ALTER TABLE `categories`
  ADD PRIMARY KEY (`id`);

--
-- Индексы таблицы `inventory`
--
ALTER TABLE `inventory`
  ADD PRIMARY KEY (`inventory_date`),
  ADD KEY `product_id` (`product_id`);

--
-- Индексы таблицы `products`
--
ALTER TABLE `products`
  ADD PRIMARY KEY (`id`,`category_id`),
  ADD KEY `category_id` (`category_id`);

--
-- Индексы таблицы `sales`
--
ALTER TABLE `sales`
  ADD PRIMARY KEY (`id`,`sale_date`),
  ADD KEY `product_id` (`product_id`);

--
-- Индексы таблицы `suppliers`
--
ALTER TABLE `suppliers`
  ADD PRIMARY KEY (`tin`);

--
-- Индексы таблицы `supplies`
--
ALTER TABLE `supplies`
  ADD PRIMARY KEY (`serial_number`),
  ADD KEY `supplier_tin` (`supplier_tin`);

--
-- Индексы таблицы `supply_items`
--
ALTER TABLE `supply_items`
  ADD PRIMARY KEY (`product_id`,`supply_serial_number`) USING BTREE,
  ADD KEY `supply_serial_number` (`supply_serial_number`);

--
-- AUTO_INCREMENT для сохранённых таблиц
--

--
-- AUTO_INCREMENT для таблицы `categories`
--
ALTER TABLE `categories`
  MODIFY `id` int(11) NOT NULL AUTO_INCREMENT COMMENT 'ID категории', AUTO_INCREMENT=9;

--
-- AUTO_INCREMENT для таблицы `products`
--
ALTER TABLE `products`
  MODIFY `id` int(11) NOT NULL AUTO_INCREMENT COMMENT 'ID товара', AUTO_INCREMENT=50;

--
-- AUTO_INCREMENT для таблицы `sales`
--
ALTER TABLE `sales`
  MODIFY `id` int(11) NOT NULL AUTO_INCREMENT COMMENT 'ID продажи';

--
-- Ограничения внешнего ключа сохраненных таблиц
--

--
-- Ограничения внешнего ключа таблицы `inventory`
--
ALTER TABLE `inventory`
  ADD CONSTRAINT `inventory_ibfk_1` FOREIGN KEY (`product_id`) REFERENCES `products` (`id`);

--
-- Ограничения внешнего ключа таблицы `products`
--
ALTER TABLE `products`
  ADD CONSTRAINT `products_ibfk_1` FOREIGN KEY (`category_id`) REFERENCES `categories` (`id`);

--
-- Ограничения внешнего ключа таблицы `sales`
--
ALTER TABLE `sales`
  ADD CONSTRAINT `sales_ibfk_1` FOREIGN KEY (`product_id`) REFERENCES `products` (`id`);

--
-- Ограничения внешнего ключа таблицы `supplies`
--
ALTER TABLE `supplies`
  ADD CONSTRAINT `supplies_ibfk_1` FOREIGN KEY (`supplier_tin`) REFERENCES `suppliers` (`tin`);

--
-- Ограничения внешнего ключа таблицы `supply_items`
--
ALTER TABLE `supply_items`
  ADD CONSTRAINT `supply_items_ibfk_1` FOREIGN KEY (`product_id`) REFERENCES `products` (`id`),
  ADD CONSTRAINT `supply_items_ibfk_2` FOREIGN KEY (`supply_serial_number`) REFERENCES `supplies` (`serial_number`);
COMMIT;

/*!40101 SET CHARACTER_SET_CLIENT=@OLD_CHARACTER_SET_CLIENT */;
/*!40101 SET CHARACTER_SET_RESULTS=@OLD_CHARACTER_SET_RESULTS */;
/*!40101 SET COLLATION_CONNECTION=@OLD_COLLATION_CONNECTION */;
